"0f486@hotmail.com","Mirela Alexandra","t7204qnr18"
"0gynvpt@hotmail.com","Nayara Alexandra","usddkhln"
"0q4l2fzhjs@hotmail.com","Kyara Fabiana","e2l5pywcx"
"261djo5ulq@hotmail.com","Núria Lorena","pj0ot8m3twzaf"
"2c7neaum@hotmail.com","Vanessa Isabel","kkaggim"
"3i9c0neu@hotmail.com","Renata Daniela","he7ltkzqeesr0"
"46h4w34@hotmail.com","Joyciane Alícia","9buj9lgx6zrd"
"4ggp09i0nq@hotmail.com","Mónica Vanessa","wu92ukfw7k"
"61268j@hotmail.com","Ciara Reiny","uipnwp2"
"7ilb84@hotmail.com","Sheila Cloe","3cmiwf3"
"96kekf2x@hotmail.com","Cristiana Isabel","vaurcrb7mvspc"
"9pilxu@hotmail.com","Oryana Patrícia","kbfgyq3v"
"aseg1zf@hotmail.com","Amélia Leonor","shrxdumir"
"bs65m5k3@hotmail.com","Ayla Gabriela","rt4qmkczyrv"
"cr5ma0j@hotmail.com","Inês Weiyi","pxyfra5w"
"cu76tp@hotmail.com","Íris Jovana","ll55wh5zqxbl"
"dece2a@hotmail.com","Leila Filipa","i843o53k"
"dmp4l@hotmail.com","Catarina Salomé","psmuad7tehe6"
"ebopo5ig@hotmail.com","Margarida Nair","auohybflcx82"
"fbibj762xn@hotmail.com","Magda Ester","uegynjrdhsd"
"fh24m2@hotmail.com","Nathalia Maria","pdoz0wpvqv"
"fr7lvcx12@hotmail.com","Estér Marciano","3k6nvq6yudh2"
"ijw8jlmbqm@hotmail.com","Sofia Aisha","hymprusbi80lr"
"ilq5sko@hotmail.com","Jandira Sofia","a3e25or7l7oj"
"ipc9wzwsif@hotmail.com","Lua Oriana","vkmyh8so34lt"
"jd8aa5@hotmail.com","Isabel Calisto","kaipnm998kf"
"jxx0u@hotmail.com","Íris Dalene","upovuikce"
"kze1lf7v@hotmail.com","Joana de Sales","4dk0dj"
"ltzaihuzgw@hotmail.com","Riyaa Hemal","52c2jodkng5jz"
"lvo9yh@hotmail.com","Nayara Vitória","c3pp9r88"
"lyaiqb3ft6@hotmail.com","Madalena Isabela","tmqarpey29cl"
"m1kxce6e@hotmail.com","Matilde Elawoko","z9ahpryujh"
"n40em9@hotmail.com","Clara Pedro","3znjwto67wx"
"o2cs7d@hotmail.com","Constança da Graça","azrmup5t67y"
"o5hei@hotmail.com","Jasmine Kyara","q9vm1v39"
"ol3orehlp2@hotmail.com","Inês Juliana","kcwy244s3"
"qlih9jmt@hotmail.com","Michelly Jahel","qgjqzmx"
"s27rkland@hotmail.com","Inês Félix","rky4avlwbmls1"
"s3zcpdo2@hotmail.com","Liliana Raissa","32uzeyrqz"
"sjkh3r@hotmail.com","Miriam Gabriela","f2704t2ttvl01"
"skqlr@hotmail.com","Sónia Naiara","ia84bgp5"
"tztave@hotmail.com","Débora Raísa","3l6n09"
"u79uue4o5r@hotmail.com","Mara Eduarda","pqzjac5y33tn"
"u9ds32y@hotmail.com","Ana Jade","yrfq2w6af24vo"
"yaufb03r8@hotmail.com","Matilde Iracema","xelzxp2"
"yc99k@hotmail.com","Nicole Solange","xruorr3knk"
"yov47@hotmail.com","Margarida Francisca","xtnwyndp4y5m"
"z5f7qg@hotmail.com","Denise Fátima","wjuiwh"
"z90c22j@hotmail.com","Érica dos Anjos","vwo4z8l12kj81"
"zg7dr1y70u@hotmail.com","Dahlia Sofia","cgssf1f7t2sn"
